19.4812118,1,9.8044,6.152
23.97903805,1,,
60.74098346,1,,
177.569697,1,,
33.43201827,1,,
47.73988348,1,,
39.00625088,1,,
42.10292438,1,,
56.16188035,1,,
91.79191222,1,,
38.22457488,1,,
26.67615682,1,,
34.27470642,1,,
30.39304185,1,,
30.17516309,1,,
51.05521817,1,,
36.92741498,1,,
30.35694557,1,,
80.36505484,1,,
34.52797698,1,,
34.30303263,1,,
38.04135062,1,,
43.93810188,1,,
38.89649721,1,,
30.4290526,1,,
31.40455371,1,,
32.70102831,1,,
34.38773182,1,,
28.01214001,1,,
39.00625088,1,,
28.01214001,1,,
38.17893355,1,,
83.79047683,1,,
34.47201582,1,,
76.66507686,1,,
47.22285771,1,,
54.86512158,1,,
85.21756655,1,,
20.5610432,1,,
98.95727203,1,,
91.29115407,1,,
29.80487829,1,,
33.25227277,1,,
22.7596754,1,,
39.65216682,1,,
38.5634629,1,,
57.79289307,1,,
80.72951555,1,,
43.04007557,1,,
38.83034657,1,,
26.24812303,1,,
70.57948477,1,,
209.2376033,1,,
36.85400044,1,,
125.8562524,1,,
61.04635506,1,,
120.6915077,1,,
20.71740695,1,,
56.74705091,1,,
39.92563868,1,,
35.6373002,1,,
44.44965076,1,,
53.75871253,1,,
20.63952123,1,,
214.0828054,1,,
43.86898953,1,,
124.6054638,1,,
121.6149658,1,,
26.67615682,1,,
54.0566778,1,,
24.97929983,1,,
83.67171926,1,,
53.9539082,1,,
55.87533516,1,,
40.88438118,1,,
39.46060747,1,,
36.15422932,1,,
24.54478882,1,,
92.12273933,1,,
39.15887611,1,,
84.17765798,1,,
67.07936919,1,,
25.1909989,1,,
87.88914004,1,,
36.23050429,1,,
61.93593215,1,,
55.63966185,1,,
31.53905023,1,,
24.9258108,1,,
53.1054719,1,,
30.71411887,1,,
47.40139573,1,,
86.68712373,1,,
71.28115559,1,,
28.18089191,1,,
38.08732208,1,,
76.7103805,1,,
73.11475181,1,,
44.51697332,1,,
53.05819347,1,,
73.52979827,1,,
33.9310772,1,,
34.38773182,1,,
44.71772902,1,,
59.47825023,1,,
83.38531716,1,,
50.65603115,1,,
26.44007225,1,,
28.34764663,1,,
81.65403753,1,,
73.0523991,1,,
47.4162133,1,,
83.80944683,1,,
89.61413828,1,,
41.78108189,1,,
35.87176286,1,,
43.98979381,1,,
47.65204541,1,,
37.78649835,1,,
74.11644823,1,,
42.32717854,1,,
32.73214253,1,,
30.10183312,1,,
39.841893,1,,
51.52364083,1,,
25.085596,1,,
36.78029224,1,,
31.1663735,1,,
99.76016483,1,,
32.32294785,1,,
34.58375733,1,,
38.33820389,1,,
42.7868928,1,,
31.370749,1,,
34.52797698,1,,
34.88738127,1,,
27.75513341,1,,
40.94406649,1,,
64.61400329,1,,
29.30930869,1,,
41.23991538,1,,
58.75399574,1,,
75.64872704,1,,
43.32582718,1,,
69.69257781,1,,
41.23991538,1,,
33.87312477,1,,
49.21364619,1,,
59.36506585,1,,
36.25585805,1,,
49.71725,1,,
34.33131214,1,,
120.3245783,1,,
41.62789597,1,,
25.39919842,1,,
37.04912784,1,,
26.10229712,1,,
36.78029224,1,,
38.17893355,1,,
47.50492485,1,,
49.86501897,1,,
35.45278424,1,,
48.95098409,1,,
63.53514387,1,,
35.31980181,1,,
69.13269061,1,,
50.52590977,1,,
81.26759285,1,,
32.00098474,1,,
69.18839227,1,,
41.57015957,1,,
60.08397673,1,,
32.29103969,1,,
86.42039243,1,,
34.2463333,1,,
38.98434956,1,,
38.60820014,1,,
58.86953978,1,,
36.15422932,1,,
63.64221652,1,,
63.19506674,1,,
33.69806674,1,,
57.31025765,1,,
50.60406289,1,,
53.80476842,1,,
68.82471463,1,,
56.62267341,1,,
36.68155273,1,,
40.02982924,1,,
49.24113217,1,,
81.12109161,1,,
35.18581038,1,,
22.02926399,1,,
60.45074288,1,,
64.98676938,1,,
27.6248257,1,,
27.75513341,1,,
33.10098645,1,,
34.91472249,1,,
41.04315706,1,,
113.3517195,1,,
54.44143578,1,,
44.22943166,1,,
32.41829633,1,,
45.647575,1,,
42.69574022,1,,
105.2246104,1,,
71.24180634,1,,
29.1925373,1,,
85.75531729,1,,
39.58851958,1,,
41.7046296,1,,
31.23479605,1,,
52.42363706,1,,
36.78029224,1,,
75.25090719,1,,
62.68221999,1,,
26.58222591,1,,
69.58269576,1,,
42.19665337,1,,
95.34074342,1,,
53.41074995,1,,
35.6373002,1,,
58.33618404,1,,
50.90143646,1,,
40.68416062,1,,
43.92084418,1,,
73.62822362,1,,
44.96616594,1,,
70.04053478,1,,
65.65026414,1,,
31.30292014,1,,
32.82513207,1,,
60.43251011,1,,
28.4302933,1,,
33.5507831,1,,
59.41227842,1,,
43.30807797,1,,
141.0217822,1,,
59.87104251,1,,
33.87312477,1,,
57.64293678,1,,
31.370749,1,,
56.74705091,1,,
36.58227876,1,,
27.27118905,1,,
83.67647604,1,,
44.8671212,1,,
36.33170734,1,,
40.40049689,1,,
102.9845168,1,,
79.41010109,1,,
32.97895405,1,,
40.94406649,1,,
93.87853917,1,,
55.93926581,1,,
48.36013862,1,,
43.04007557,1,,
21.5380011,1,,
24.43372491,1,,
52.25342925,1,,
36.90297592,1,,
34.50001909,1,,
56.81935338,1,,
35.87176286,1,,
27.0908784,1,,
49.60922739,1,,
39.35337703,1,,
131.5011288,1,,
31.4382858,1,,
64.38986967,1,,
72.23194169,1,,
38.40605926,1,,
28.18089191,1,,
61.31328611,1,,
28.71583902,1,,
51.10627342,1,,
31.06317283,1,,
167.345817,1,,
40.29821672,1,,
35.68966956,1,,
62.95229617,1,,
67.86215439,1,,
55.65041764,1,,
35.50569892,1,,
49.22739302,1,,
52.20459424,1,,
63.63399295,1,,
37.99526777,1,,
43.55525539,1,,
87.39049828,1,,
18.56088669,1,,
43.79965873,1,,
38.9624236,1,,
113.4346036,1,,
28.63483482,1,,
103.2101134,1,,
72.67602767,1,,
50.81129965,1,,
21.96042209,1,,
60.2403982,1,,
68.35751612,1,,
83.36615363,1,,
53.65479723,1,,
35.39971113,1,,
69.79527849,1,,
48.78362899,1,,
49.62275595,1,,
42.56746898,1,,
41.4348139,1,,
42.67746293,1,,
79.84082973,1,,
38.38346746,1,,
34.96927683,1,,
27.315896,1,,
40.00903452,1,,
30.28449435,1,,
80.62206028,1,,
82.09619809,1,,
78.45325972,1,,
54.39645213,1,,
39.82090148,1,,
39.60975806,1,,
33.78582252,1,,
35.50569892,1,,
30.2116948,1,,
28.47143705,1,,
53.68948037,1,,
34.91472249,1,,
62.27268787,1,,
69.70628873,1,,
52.50832806,1,,
32.70102831,1,,
32.09825277,1,,
31.90312179,1,,
27.36045708,1,,
28.47143705,1,,
79.71000294,1,,
26.76943085,1,,
109.6056346,1,,
111.4163177,1,,
134.6785243,1,,
32.97895405,1,,
35.68966956,1,,
101.8092995,1,,
45.43884241,1,,
56.52903045,1,,
41.62789597,1,,
27.40487349,1,,
36.30645945,1,,
27.44914638,1,,
33.07056273,1,,
29.42515697,1,,
39.7156104,1,,
46.75527395,1,,
59.76866683,1,,
31.13204927,1,,
60.61434515,1,,
107.8448563,1,,
32.13054479,1,,
38.4736757,1,,
42.27133787,1,,
55.27146335,1,,
70.97174882,1,,
117.406604,1,,
56.03488867,1,,
49.87840915,1,,
30.99398959,1,,
32.19493483,1,,
34.55588966,1,,
54.95348916,1,,
61.44588446,1,,
51.82298606,1,,
89.0717423,1,,
34.66709201,1,,
35.39971113,1,,
55.94990672,1,,
82.01705964,1,,
23.68586639,1,,
78.8891201,1,,
62.63132089,1,,
27.44914638,1,,
26.62927419,1,,
37.12177338,1,,
59.80593491,1,,
65.86591648,1,,
65.37869039,1,,
82.18504686,1,,
41.9709985,1,,
29.84232165,1,,
25.13840794,1,,
41.83823802,1,,
38.76396978,1,,
50.06512151,1,,
25.29552707,1,,
31.60587045,1,,
59.61912772,1,,
114.1445047,1,,
106.3760144,1,,
95.8690688,1,,
61.9098758,1,,
77.83699498,1,,
40.15414627,1,,
29.65415573,1,,
43.50252501,1,,
39.60975806,1,,
66.42161267,1,,
180.7996782,1,,
38.4736757,1,,
51.08075855,1,,
37.50449905,1,,
73.81206514,1,,
67.86938531,1,,
51.44825866,1,,
62.69069514,1,,
71.08397296,1,,
45.74327251,1,,
31.93580943,1,,
46.77050369,1,,
44.70106816,1,,
34.30303263,1,,
30.53657664,1,,
31.57249569,1,,
42.56746898,1,,
37.57539619,1,,
56.4873116,1,,
24.87209121,1,,
61.78798851,1,,
67.97045677,1,,
25.34746875,1,,
42.19665337,1,,
104.980406,1,,
28.30614197,1,,
49.45992375,1,,
57.41147697,1,,
32.44995484,1,,
28.01214001,1,,
54.04527824,1,,
39.65216682,1,,
119.0059039,1,,
65.35530745,1,,
65.23031492,1,,
129.5324107,1,,
75.14489497,1,,
50.47367307,1,,
126.5525407,1,,
41.66629811,1,,
61.26895896,1,,
72.43562819,1,,
45.09755067,1,,
57.72301042,1,,
37.92593319,1,,
36.90297592,1,,
83.59077115,1,,
60.66868345,1,,
43.41435588,1,,
101.7160351,1,,
31.77169652,1,,
54.45267009,1,,
41.37653701,1,,
66.45179403,1,,
70.80606573,1,,
67.50593513,1,,
38.27010747,1,,
34.91472249,1,,
81.19188236,1,,
39.63097378,1,,
40.31871429,1,,
37.43333285,1,,
32.76319771,1,,
45.647575,1,,
48.27454527,1,,
48.81160126,1,,
57.39126165,1,,
44.07567805,1,,
36.50746816,1,,
37.45708497,1,,
24.76395032,1,,
40.11279285,1,,
65.1126978,1,,
43.36128205,1,,
51.5361831,1,,
67.0497503,1,,
54.82083085,1,,
54.83191024,1,,
52.58070351,1,,
49.10339402,1,,
48.76963082,1,,
30.2116948,1,,
75.3331551,1,,
44.33134315,1,,
107.1734918,1,,
43.18342409,1,,
29.61623477,1,,
63.68330253,1,,
31.1663735,1,,
27.0908784,1,,
84.77037931,1,,
49.22739302,1,,
31.80465474,1,,
60.97477785,1,,
69.13269061,1,,
59.11834118,1,,
47.69600489,1,,
41.91420412,1,,
22.8237875,1,,
27.75513341,1,,
33.90212575,1,,
32.06589563,1,,
26.53501049,1,,
77.46694195,1,,
48.08804443,1,,
42.40140434,1,,
26.24812303,1,,
40.46161725,1,,
32.51308721,1,,
83.62412171,1,,
32.03347307,1,,
29.30930869,1,,
42.53067772,1,,
38.91849749,1,,
46.95249191,1,,
27.44914638,1,,
45.06477627,1,,
34.50001909,1,,
51.61130884,1,,
44.04136454,1,,
34.77758548,1,,
41.95208413,1,,
69.25789346,1,,
91.30713572,1,,
29.76734062,1,,
35.92345135,1,,
37.50449905,1,,
25.34746875,1,,
49.17235955,1,,
47.73988348,1,,
48.71355761,1,,
53.2702871,1,,
54.11360357,1,,
49.21364619,1,,
40.35964702,1,,
56.62267341,1,,
45.647575,1,,
37.69296703,1,,
54.06807254,1,,
25.24337119,1,,
37.38573797,1,,
77.16050306,1,,
31.9684303,1,,
56.4873116,1,,
39.67333723,1,,
36.45742359,1,,
55.21690116,1,,
44.93319953,1,,
41.06291786,1,,
56.11961364,1,,
39.73671328,1,,
28.75617031,1,,
29.76734062,1,,
102.5588389,1,,
33.84407405,1,,
81.90302985,1,,
41.41540649,1,,
38.27010747,1,,
43.14767621,1,,
130.3587992,1,,
66.81185141,1,,
56.60189064,1,,
39.35337703,1,,
39.11539037,1,,
67.04234149,1,,
32.97895405,1,,
72.29571706,1,,
33.81497337,1,,
57.17813564,1,,
41.91420412,1,,
60.2403982,1,,
27.53726624,1,,
31.80465474,1,,
38.51862163,1,,
29.15340517,1,,
80.73462534,1,,
57.51234062,1,,
47.4901626,1,,
84.39330674,1,,
72.33392833,1,,
85.37777613,1,,
25.95482337,1,,
77.52239829,1,,
135.3853817,1,,
39.60975806,1,,
32.76319771,1,,
31.20062229,1,,
111.4833488,1,,
57.63291192,1,,
44.04136454,1,,
42.51225819,1,,
46.30922606,1,,
127.1506768,1,,
39.37486987,1,,
94.59482479,1,,
60.5053753,1,,
47.35688735,1,,
39.15887611,1,,
37.0975898,1,,
44.71772902,1,,
33.16166667,1,,
36.00070633,1,,
31.53905023,1,,
56.77806023,1,,
48.83954151,1,,
48.60102228,1,,
28.91637512,1,,
41.47357428,1,,
92.71541049,1,,
110.7415252,1,,
59.13739318,1,,
47.44582069,1,,
70.92543556,1,,
93.38851116,1,,
29.30930869,1,,
52.79664312,1,,
29.03537389,1,,
27.22633504,1,,
56.18298988,1,,
98.18606494,1,,
27.36045708,1,,
37.97218437,1,,
20.32193963,1,,
66.90126183,1,,
28.4302933,1,,
72.73902703,1,,
105.6141905,1,,
102.8461642,1,,
39.31032079,1,,
31.80465474,1,,
68.83174474,1,,
39.56725828,1,,
38.60820014,1,,
24.97929983,1,,
65.02617442,1,,
34.85999713,1,,
33.10098645,1,,
30.9244961,1,,
47.62269397,1,,
85.18545225,1,,
58.27740699,1,,
26.72287522,1,,
101.2828517,1,,
40.48194973,1,,
38.06435023,1,,
63.12828194,1,,
98.79716877,1,,
89.91997685,1,,
33.98883233,1,,
57.14755909,1,,
37.218194,1,,
78.87841602,1,,
54.69866085,1,,
36.70628743,1,,
68.59191093,1,,
57.15775491,1,,
40.44126432,1,,
255.0407849,1,,
41.66629811,1,,
32.97895405,1,,
39.92563868,1,,
39.79988781,1,,
30.32076324,1,,
24.81813857,1,,
42.0087762,1,,
24.9258108,1,,
50.82419592,1,,
56.58109259,1,,
40.98376023,1,,
29.03537389,1,,
31.93580943,1,,
44.55055838,1,,
22.56513875,1,,
61.89249271,1,,
58.94631788,1,,
49.64979096,1,,
46.89198606,1,,
46.93738007,1,,
56.50817873,1,,
40.15414627,1,,
62.52927375,1,,
86.28193376,1,,
31.63917487,1,,
30.53657664,1,,
50.27681587,1,,
53.72411875,1,,
100.85248,1,,
45.45496691,1,,
31.50553368,1,,
45.40655903,1,,
36.12873268,1,,
44.44965076,1,,
49.44630593,1,,
131.2522155,1,,
28.71583902,1,,
36.35692019,1,,
103.6800631,1,,
72.68233252,1,,
136.8627631,1,,
49.55503922,1,,
48.00147711,1,,
45.647575,1,,
27.84133003,1,,
28.4302933,1,,
64.09127844,1,,
46.40221672,1,,
50.31631064,1,,
48.99264452,1,,
46.15340649,1,,
50.91428712,1,,
57.94207518,1,,
41.33759437,1,,
37.59896922,1,,
46.98268645,1,,
21.46596711,1,,
69.45866217,1,,
39.02812764,1,,
67.35211248,1,,
41.93315268,1,,
60.63246874,1,,
72.60660198,1,,
49.62275595,1,,
86.77124735,1,,
37.57539619,1,,
56.19353869,1,,
55.4236672,1,,
94.15734692,1,,
51.10627342,1,,
103.6862591,1,,
37.3141176,1,,
59.76866683,1,,
40.29821672,1,,
41.45420315,1,,
31.60587045,1,,
32.19493483,1,,
30.8196665,1,,
29.1925373,1,,
60.72292459,1,,
75.84607749,1,,
73.04615798,1,,
19.82608341,1,,
29.46357105,1,,
64.24495574,1,,
84.08355208,1,,
50.97844329,1,,
38.54105531,1,,
56.18298988,1,,
29.99116362,1,,
42.25269149,1,,
71.36626359,1,,
43.46730027,1,,
63.34481864,1,,
115.2808618,1,,
39.65216682,1,,
94.06333992,1,,
41.29857821,1,,
43.55525539,1,,
79.88260388,1,,
54.92038464,1,,
24.87209121,1,,
27.315896,1,,
67.44009705,1,,
28.47143705,1,,
32.91759772,1,,
70.54604112,1,,
75.57882751,1,,
39.31032079,1,,
34.52797698,1,,
31.70557417,1,,
34.2463333,1,,
75.68944219,1,,
84.7147283,1,,
45.58355308,1,,
102.3303584,1,,
34.96927683,1,,
48.68547253,1,,
37.218194,1,,
29.1925373,1,,
27.9269962,1,,
40.29821672,1,,
251.1092064,1,,
53.73565496,1,,
81.61405758,1,,
41.91420412,1,,
87.83305527,1,,
41.91420412,1,,
113.798377,1,,
46.01226369,1,,
48.38860251,1,,
41.66629811,1,,
66.14873751,1,,
41.29857821,1,,
32.22703349,1,,
42.17794088,1,,
34.69478139,1,,
27.66839805,1,,
68.47136251,1,,
45.87024963,1,,
61.0820808,1,,
51.30948142,1,,
45.93347541,1,,
43.05804638,1,,
58.70571799,1,,
40.38008229,1,,
36.28117639,1,,
21.60955644,1,,
29.61623477,1,,
36.58227876,1,,
32.29103969,1,,
152.6985963,1,,
54.69866085,1,,
53.340611,1,,
43.32582718,1,,
38.31553198,1,,
80.27729745,1,,
49.30971323,1,,
32.54456166,1,,
63.66687449,1,,
58.3557501,1,,
33.13135434,1,,
47.25270782,1,,
29.50188523,1,,
28.5533697,1,,
89.49371135,1,,
53.16445182,1,,
38.22457488,1,,
32.94830445,1,,
47.25270782,1,,
57.28997083,1,,
76.91921709,1,,
28.99581611,1,,
44.33134315,1,,
26.19969465,1,,
43.88628803,1,,
32.44995484,1,,
60.01008399,1,,
44.41591288,1,,
40.2571589,1,,
57.45186493,1,,
39.28875725,1,,
58.48261082,1,,
21.96042209,1,,
71.6463385,1,,
57.94207518,1,,
30.39304185,1,,
75.63126427,1,,
59.91746139,1,,
36.00070633,1,,
35.39971113,1,,
30.60784079,1,,
53.81627008,1,,
36.87850444,1,,
52.52040449,1,,
38.85242182,1,,
33.10098645,1,,
34.8050994,1,,
49.36444103,1,,
77.13252405,1,,
74.69395541,1,,
46.37126126,1,,
24.48938279,1,,
84.38395361,1,,
41.58942285,1,,
29.1141677,1,,
47.3865689,1,,
37.33802159,1,,
58.879148,1,,
41.27904246,1,,
40.74443354,1,,
50.51286072,1,,
38.38346746,1,,
42.14046602,1,,
52.50832806,1,,
83.50489016,1,,
37.0975898,1,,
28.38903012,1,,
164.4871147,1,,
100.1966336,1,,
36.15422932,1,,
42.91385762,1,,
52.22902316,1,,
44.88365903,1,,
21.1728797,1,,
43.71268539,1,,
43.92084418,1,,
32.63862161,1,,
35.31980181,1,,
27.315896,1,,
28.4302933,1,,
44.63430023,1,,
60.09320055,1,,
85.14412683,1,,
48.18864733,1,,
22.8237875,1,,
39.92563868,1,,
100.4151007,1,,
103.9766377,1,,
29.03537389,1,,
45.83857127,1,,
37.50449905,1,,
72.80820053,1,,
84.44004133,1,,
40.5630761,1,,
50.27681587,1,,
40.33919104,1,,
99.96388025,1,,
49.04808179,1,,
28.34764663,1,,
18.06436634,1,,
73.19565168,1,,
47.40139573,1,,
45.35804771,1,,
53.75871253,1,,
28.83649523,1,,
99.88382906,1,,
70.16252144,1,,
65.01041814,1,,
62.85128951,1,,
68.50686198,1,,
63.68330253,1,,
48.43123566,1,,
64.56610557,1,,
46.70952512,1,,
44.09281478,1,,
32.91759772,1,,
116.284521,1,,
47.98701883,1,,
70.11513261,1,,
31.1663735,1,,
51.99601902,1,,
40.66402991,1,,
63.93686061,1,,
60.72292459,1,,
34.94202095,1,,
33.19192368,1,,
73.31356925,1,,
33.31240359,1,,
28.01214001,1,,
29.99116362,1,,
43.43201836,1,,
45.22817428,1,,
47.51967794,1,,
67.78976032,1,,
77.03163116,1,,
47.68136073,1,,
132.6144814,1,,
37.62251273,1,,
34.01763644,1,,
32.09825277,1,,
39.41778529,1,,
42.43841999,1,,
97.82198571,1,,
44.56733193,1,,
28.95615011,1,,
55.93926581,1,,
52.52040449,1,,
28.47143705,1,,
28.22276551,1,,
26.39234638,1,,
66.63980939,1,,
53.49234659,1,,
41.35707486,1,,
61.80543043,1,,
96.99363018,1,,
56.79871431,1,,
53.11727836,1,,
46.10645487,1,,
30.78456434,1,,
36.10319999,1,,
112.3659798,1,,
71.21554933,1,,
36.17969005,1,,
43.92084418,1,,
43.30807797,1,,
35.31980181,1,,
34.85999713,1,,
27.66839805,1,,
25.90529114,1,,
22.56513875,1,,
48.28883191,1,,
30.53657664,1,,
179.8543687,1,,
76.86852339,1,,
34.72242664,1,,
37.5281612,1,,
39.07180773,1,,
33.07056273,1,,
51.05521817,1,,
43.71268539,1,,
32.25906834,1,,
25.80565442,1,,
49.77108572,1,,
56.87088557,1,,
44.39902469,1,,
91.05075492,1,,
34.77758548,1,,
49.56859737,1,,
64.1236928,1,,
32.06589563,1,,
34.44396697,1,,
38.42862452,1,,
34.72242664,1,,
79.83560489,1,,
31.50553368,1,,
69.11177933,1,,
39.9673801,1,,
22.56513875,1,,
67.21233161,1,,
29.50188523,1,,
38.67511223,1,,
62.41834549,1,,
60.52356421,1,,
33.49150597,1,,
51.05521817,1,,
40.27769827,1,,
43.7822917,1,,
86.30429587,1,,
54.0566778,1,,
35.53209722,1,,
58.27740699,1,,
38.17893355,1,,
26.76943085,1,,
61.40174863,1,,
53.66636326,1,,
39.69448507,1,,
29.61623477,1,,
42.12170356,1,,
72.03993669,1,,
41.02337723,1,,
46.61775765,1,,
24.09432366,1,,
25.29552707,1,,
55.46700081,1,,
44.85057118,1,,
26.19969465,1,,
54.4751248,1,,
52.62884335,1,,
49.94525245,1,,
39.82090148,1,,
38.42862452,1,,
37.02484924,1,,
48.99264452,1,,
59.54407602,1,,
55.68266006,1,,
35.26632738,1,,
35.81992498,1,,
26.29637337,1,,
76.08845418,1,,
56.02428002,1,,
35.6373002,1,,
46.41767897,1,,
29.69197994,1,,
34.1894456,1,,
54.19309901,1,,
40.35964702,1,,
40.1954147,1,,
50.53895208,1,,
28.79638878,1,,
39.77885192,1,,
44.34828291,1,,
42.76869335,1,,
56.42461753,1,,
50.05183106,1,,
85.98115663,1,,
41.83823802,1,,
50.21085304,1,,
38.36084903,1,,
58.51180834,1,,
30.57225025,1,,
39.98821816,1,,
57.71301336,1,,
70.90556849,1,,
48.76963082,1,,
45.96502314,1,,
48.96487877,1,,
62.62282965,1,,
32.03347307,1,,
79.07597329,1,,
58.57982279,1,,
50.07840491,1,,
70.91881444,1,,
45.27696415,1,,
33.22212563,1,,
32.4815517,1,,
40.58330706,1,,
26.19969465,1,,
32.91759772,1,,
34.01763644,1,,
171.6452575,1,,
27.0908784,1,,
58.18901848,1,,
26.24812303,1,,
40.17479108,1,,
29.57821645,1,,
29.50188523,1,,
50.87571567,1,,
61.46352105,1,,
32.54456166,1,,
26.58222591,1,,
49.48713692,1,,
102.1040477,1,,
25.65474071,1,,
39.7156104,1,,
53.16445182,1,,
114.1214947,1,,
27.84133003,1,,
33.25227277,1,,
37.3141176,1,,
50.55198767,1,,
45.2932041,1,,
33.72736942,1,,
49.73071986,1,,
59.32724165,1,,
64.52613645,1,,
75.2391428,1,,
45.90188429,1,,
44.33134315,1,,
29.76734062,1,,
41.89523841,1,,
75.8807976,1,,
71.14982198,1,,
74.63421455,1,,
79.3255097,1,,
27.18133275,1,,
29.30930869,1,,
30.2116948,1,,
39.75779377,1,,
93.1012308,1,,
43.71268539,1,,
39.79988781,1,,
53.81627008,1,,
85.96313312,1,,
82.87447711,1,,
32.66985476,1,,
33.98883233,1,,
56.58109259,1,,
75.50295682,1,,
44.05852798,1,,
31.83754478,1,,
85.40974599,1,,
24.48938279,1,,
40.17479108,1,,
36.78029224,1,,
33.22212563,1,,
29.34802645,1,,
42.62253692,1,,
32.97895405,1,,
48.3031101,1,,
31.83754478,1,,
47.8419544,1,,
29.30930869,1,,
44.56733193,1,,
98.25855758,1,,
26.53501049,1,,
59.95454477,1,,
62.55481675,1,,
38.54105531,1,,
30.17516309,1,,
31.2688952,1,,
52.8443905,1,,
86.48722958,1,,
81.35825963,1,,
100.4084944,1,,
55.35853945,1,,
59.0515623,1,,
23.20110836,1,,
35.18581038,1,,
31.40455371,1,,
43.36128205,1,,
24.65485661,1,,
34.38773182,1,,
52.16790793,1,,
44.81743443,1,,
56.20408355,1,,
37.87956892,1,,
81.22723148,1,,
134.7940999,1,,
41.95208413,1,,
59.8617501,1,,
24.15155505,1,,
38.15607191,1,,
36.35692019,1,,
51.79817256,1,,
64.11559228,1,,
40.62370859,1,,
46.23144757,1,,
54.6763894,1,,
35.6635041,1,,
74.38225242,1,,
38.27010747,1,,
93.9427361,1,,
25.5020303,1,,
31.4382858,1,,
24.70952388,1,,
46.18465457,1,,
22.8237875,1,,
49.08957765,1,,
40.15414627,1,,
80.03886916,1,,
53.25854839,1,,
55.84331491,1,,
22.69520006,1,,
40.52255352,1,,
54.41895325,1,,
53.79326184,1,,
43.74751623,1,,
32.88683359,1,,
25.13840794,1,,
59.06111139,1,,
31.09764919,1,,
98.00956428,1,,
30.13854271,1,,
26.76943085,1,,
66.80438974,1,,
42.53067772,1,,
66.53465171,1,,
23.50642111,1,,
28.18089191,1,,
46.57173811,1,,
25.65474071,1,,
57.78292018,1,,
25.80565442,1,,
47.90008563,1,,
41.68547267,1,,
89.84577521,1,,
66.54969459,1,,
35.23952925,1,,
42.49382269,1,,
46.6636865,1,,
54.98655384,1,,
106.3436302,1,,
37.94907287,1,,
63.95315026,1,,
59.98232724,1,,
25.1909989,1,,
42.45690363,1,,
44.48333752,1,,
44.28044604,1,,
34.01763644,1,,
46.98268645,1,,
25.55313671,1,,
40.42089089,1,,
102.5841628,1,,
29.30930869,1,,
60.6505815,1,,
48.07363818,1,,
35.81992498,1,,
86.36684818,1,,
60.80410507,1,,
28.0545185,1,,
43.44966648,1,,
41.14177147,1,,
53.35231363,1,,
54.68752739,1,,
55.06355051,1,,
36.00070633,1,,
39.20226549,1,,
55.8539924,1,,
82.39652269,1,,
29.07482418,1,,
35.2126903,1,,
34.41587237,1,,
47.3865689,1,,
20.87144537,1,,
68.65555951,1,,
58.25778827,1,,
57.81282853,1,,
40.07135399,1,,
38.49616179,1,,
40.62370859,1,,
66.60229119,1,,
92.008794,1,,
41.78108189,1,,
35.18581038,1,,
41.49292732,1,,
141.5905389,1,,
41.37653701,1,,
49.86501897,1,,
51.02965221,1,,
35.84586266,1,,
39.79988781,1,,
62.67374255,1,,
32.57597535,1,,
35.6635041,1,,
105.956439,1,,
52.68889457,1,,
32.79419413,1,,
29.46357105,1,,
93.49912049,1,,
46.23144757,1,,
75.06814416,1,,
66.75211127,1,,
33.16166667,1,,
38.67511223,1,,
45.74327251,1,,
89.55604158,1,,
72.96492608,1,,
40.76448494,1,,
45.79097147,1,,
65.51863806,1,,
32.91759772,1,,
73.80595183,1,,
50.83708565,1,,
128.3000107,1,,
75.64290701,1,,
104.9078305,1,,
28.18089191,1,,
64.25302368,1,,
229.9870456,1,,
27.44914638,1,,
39.43920801,1,,
24.48938279,1,,
24.3778123,1,,
54.86512158,1,,
36.55737591,1,,
33.95997932,1,,
69.06991876,1,,
94.73233367,1,,
22.49954204,1,,
27.6248257,1,,
35.84586266,1,,
67.219703,1,,
32.8560118,1,,
35.05079059,1,,
72.29571706,1,,
45.6155865,1,,
48.38860251,1,,
126.4609776,1,,
31.77169652,1,,
47.14806687,1,,
49.50073228,1,,
43.59033817,1,,
48.21731399,1,,
71.90492177,1,,
38.2928332,1,,
30.13854271,1,,
45.13027749,1,,
34.83256989,1,,
46.05940743,1,,
31.90312179,1,,
53.04636069,1,,
28.30614197,1,,
77.05407464,1,,
60.2679178,1,,
75.91548597,1,,
31.1663735,1,,
33.84407405,1,,
36.33170734,1,,
123.7806383,1,,
26.44007225,1,,
28.71583902,1,,
39.9673801,1,,
350.0113955,1,,
40.13348022,1,,
45.85441592,1,,
69.41030704,1,,
32.63862161,1,,
51.34740418,1,,
44.94968878,1,,
20.5610432,1,,
38.5634629,1,,
63.06972911,1,,
30.28449435,1,,
31.33687127,1,,
110.545652,1,,
37.07337466,1,,
30.57225025,1,,
70.29082663,1,,
49.25486367,1,,
40.96392297,1,,
56.94287411,1,,
45.14662312,1,,
32.19493483,1,,
33.10098645,1,,
63.56812772,1,,
63.65865729,1,,
50.64304909,1,,
36.40724126,1,,
93.72714022,1,,
32.44995484,1,,
50.759649,1,,
37.55179355,1,,
41.47357428,1,,
48.21731399,1,,
31.20062229,1,,
43.44966648,1,,
51.51109245,1,,
42.96804184,1,,
92.07955188,1,,
63.62576725,1,,
42.51225819,1,,
53.91956452,1,,
28.63483482,1,,
51.78575689,1,,
40.07135399,1,,
53.55047786,1,,
47.0880629,1,,
61.82286251,1,,
30.85468888,1,,
35.76793663,1,,
32.60732857,1,,
26.72287522,1,,
50.21085304,1,,
32.66985476,1,,
33.84407405,1,,
87.19381982,1,,
48.1743012,1,,
67.1015662,1,,
98.45822166,1,,
80.95881857,1,,
49.0065156,1,,
38.42862452,1,,
48.27454527,1,,
30.85468888,1,,
33.46178856,1,,
40.98376023,1,,
83.02935589,1,,
90.67560801,1,,
71.71115925,1,,
30.24813838,1,,
37.24222125,1,,
67.94160989,1,,
29.27048837,1,,
49.15858192,1,,
83.91362864,1,,
50.36887407,1,,
79.16109854,1,,
105.2757195,1,,
30.32076324,1,,
49.52790064,1,,
52.09438013,1,,
62.24691275,1,,
51.59880307,1,,
43.76491087,1,,
44.99908409,1,,
120.5816632,1,,
105.161407,1,,
44.38212366,1,,
62.36701459,1,,
100.0537849,1,,
57.05563257,1,,
27.9696329,1,,
29.15340517,1,,
51.82298606,1,,
25.55313671,1,,
24.97929983,1,,
35.07787776,1,,
29.91692776,1,,
31.93580943,1,,
61.56034188,1,,
64.01009877,1,,
77.40584812,1,,
34.2179131,1,,
75.64872704,1,,
39.18058281,1,,
46.49483616,1,,
50.84996885,1,,
38.69736489,1,,
32.51308721,1,,
26.05332459,1,,
112.4081671,1,,
67.0497503,1,,
51.86016181,1,,
62.2383163,1,,
31.80465474,1,,
26.15108657,1,,
40.92419072,1,,
101.3833952,1,,
43.85167738,1,,
30.35694557,1,,
37.26621753,1,,
47.01284223,1,,
32.32294785,1,,
62.14359818,1,,
44.22943166,1,,
29.42515697,1,,
82.00715659,1,,
97.79761724,1,,
48.47379389,1,,
37.62251273,1,,
55.92862085,1,,
109.4918551,1,,
27.9269962,1,,
52.30217314,1,,
32.97895405,1,,
36.10319999,1,,
76.37499923,1,,
113.0815056,1,,
49.47353407,1,,
42.56746898,1,,
42.0276396,1,,
39.13714532,1,,
49.07575349,1,,
47.87103767,1,,
34.38773182,1,,
86.93900699,1,,
41.39598088,1,,
28.59416028,1,,
59.69399093,1,,
47.1330802,1,,
37.83309088,1,,
101.6193743,1,,
34.77758548,1,,
59.33670222,1,,
45.42270646,1,,
87.99249353,1,,
58.97505817,1,,
42.25269149,1,,
59.00377047,1,,
34.94202095,1,,
44.85057118,1,,
34.10375741,1,,
60.4233896,1,,
30.39304185,1,,
65.15979561,1,,
23.68586639,1,,
63.96129197,1,,
39.60975806,1,,
57.11694979,1,,
39.00625088,1,,
67.9488239,1,,
68.32186124,1,,
51.73603458,1,,
39.8838098,1,,
315.2169755,1,,
41.47357428,1,,
46.40221672,1,,
37.57539619,1,,
59.11834118,1,,
39.13714532,1,,
68.75433447,1,,
34.44396697,1,,
44.55055838,1,,
32.91759772,1,,
75.0149169,1,,
63.90425639,1,,
27.58111546,1,,
66.15634781,1,,
22.69520006,1,,
75.7997345,1,,
72.30845864,1,,
25.55313671,1,,
46.27814603,1,,
25.39919842,1,,
84.26686411,1,,
46.027989,1,,
30.06503378,1,,
60.33203266,1,,
37.02484924,1,,
36.9761963,1,,
33.52117074,1,,
40.42089089,1,,
37.00053876,1,,
72.6129189,1,,
86.53173034,1,,
48.96487877,1,,
63.03622148,1,,
70.99818643,1,,
40.62370859,1,,
55.19504606,1,,
48.18864733,1,,
29.87967127,1,,
124.6483484,1,,
77.96322032,1,,
93.29294756,1,,
38.54105531,1,,
41.35707486,1,,
91.53824357,1,,
41.66629811,1,,
111.4190005,1,,
62.65678078,1,,
60.66868345,1,,
26.8158251,1,,
37.73979064,1,,
41.04315706,1,,
38.83034657,1,,
47.46061053,1,,
61.25121013,1,,
31.67240932,1,,
67.47668962,1,,
72.05276888,1,,
39.9465203,1,,
27.315896,1,,
53.2702871,1,,
41.8001513,1,,
43.53769279,1,,
36.50746816,1,,
98.26545606,1,,
51.79817256,1,,
41.49292732,1,,
46.55637804,1,,
53.65479723,1,,
122.0189381,1,,
31.9684303,1,,
39.31032079,1,,
84.97381051,1,,
32.41829633,1,,
41.8572554,1,,
103.1131026,1,,
88.88244219,1,,
33.40219487,1,,
32.57597535,1,,
58.46312961,1,,
54.27236191,1,,
54.83191024,1,,
33.66871301,1,,
36.90297592,1,,
32.91759772,1,,
48.14558327,1,,
37.3141176,1,,
38.04135062,1,,
28.99581611,1,,
80.05446216,1,,
26.72287522,1,,
39.82090148,1,,
85.55103992,1,,
33.40219487,1,,
50.10495058,1,,
61.8576972,1,,
35.23952925,1,,
27.27118905,1,,
29.46357105,1,,
37.29018295,1,,
53.42242188,1,,
54.15905811,1,,
35.79394968,1,,
66.17916822,1,,
33.81497337,1,,
26.76943085,1,,
39.02812764,1,,
34.2179131,1,,
61.31328611,1,,
75.97322957,1,,
35.31980181,1,,
64.56610557,1,,
107.7301948,1,,
45.21188758,1,,
29.87967127,1,,
32.06589563,1,,
78.80340593,1,,
103.7141317,1,,
27.53726624,1,,
26.34444728,1,,
41.89523841,1,,
37.00053876,1,,
52.79664312,1,,
44.73437747,1,,
28.91637512,1,,
36.80489445,1,,
28.22276551,1,,
30.02814413,1,,
29.65415573,1,,
59.22297563,1,,
31.50553368,1,,
39.0936112,1,,
70.79942227,1,,
70.99818643,1,,
67.41079438,1,,
34.47201582,1,,
34.83256989,1,,
64.03447429,1,,
47.57859886,1,,
93.99553835,1,,
113.3517195,1,,
57.52240755,1,,
105.8584549,1,,
31.13204927,1,,
35.6110577,1,,
28.5533697,1,,
28.09676935,1,,
30.57225025,1,,
25.45071823,1,,
41.20071391,1,,
51.8725419,1,,
65.24596519,1,,
72.53071314,1,,
34.10375741,1,,
27.53726624,1,,
44.61757699,1,,
60.59621071,1,,
25.5020303,1,,
55.67191674,1,,
23.62635391,1,,
27.36045708,1,,
40.1954147,1,,
51.48597734,1,,
33.49150597,1,,
44.07567805,1,,
108.958666,1,,
33.49150597,1,,
28.99581611,1,,
94.68406524,1,,
24.97929983,1,,
46.20026277,1,,
27.88422891,1,,
35.94923991,1,,
67.81873649,1,,
29.46357105,1,,
51.24615195,1,,
39.43920801,1,,
61.76180716,1,,
60.79509572,1,,
36.82946382,1,,
72.19362235,1,,
64.98676938,1,,
61.98797917,1,,
56.2356944,1,,
55.8539924,1,,
47.29741239,1,,
29.38664232,1,,
45.50327191,1,,
38.27010747,1,,
50.79839684,1,,
59.32724165,1,,
45.63158636,1,,
40.62370859,1,,
45.87024963,1,,
28.75617031,1,,
39.46060747,1,,
46.80093343,1,,
33.95997932,1,,
58.4436354,1,,
42.84139845,1,,
34.61158016,1,,
39.841893,1,,
40.13348022,1,,
68.8036157,1,,
74.33406567,1,,
40.33919104,1,,
41.83823802,1,,
31.93580943,1,,
56.277787,1,,
41.33759437,1,,
25.13840794,1,,
45.47107998,1,,
33.90212575,1,,
69.8567541,1,,
33.00954679,1,,
48.48796337,1,,
41.12208641,1,,
34.38773182,1,,
32.09825277,1,,
27.44914638,1,,
106.4201428,1,,
41.33759437,1,,
80.01806903,1,,
39.13714532,1,,
22.7596754,1,,
47.85650045,1,,
71.66579704,1,,
24.20851648,1,,
33.43201827,1,,
53.87370478,1,,
51.68621651,1,,
21.46596711,1,,
50.23725896,1,,
38.67511223,1,,
44.90018468,1,,
41.89523841,1,,
36.631983,1,,
49.19989167,1,,
54.5087722,1,,
30.13854271,1,,
33.46178856,1,,
52.0821053,1,,
50.21085304,1,,
40.40049689,1,,
27.27118905,1,,
37.43333285,1,,
33.90212575,1,,
63.17838378,1,,
53.56208897,1,,
35.81992498,1,,
24.15155505,1,,
35.07787776,1,,
33.46178856,1,,
37.14592548,1,,
31.63917487,1,,
45.63158636,1,,
64.13179127,1,,
26.19969465,1,,
77.53901973,1,,
55.31503567,1,,
28.30614197,1,,
178.1277417,1,,
60.80410507,1,,
25.5020303,1,,
46.32475044,1,,
39.20226549,1,,
65.78136451,1,,
31.02861977,1,,
64.10748972,1,,
52.13116996,1,,
40.88438118,1,,
39.75779377,1,,
73.41875385,1,,
52.25342925,1,,
41.66629811,1,,
35.3464784,1,,
23.9209772,1,,
26.29637337,1,,
57.65295815,1,,
44.44965076,1,,
32.22703349,1,,
21.89114585,1,,
40.5022618,1,,
29.95409168,1,,
30.99398959,1,,
73.51747656,1,,
43.98979381,1,,
36.82946382,1,,
31.370749,1,,
55.00857489,1,,
47.40139573,1,,
56.52903045,1,,
32.29103969,1,,
55.11841658,1,,
131.8181391,1,,
33.13135434,1,,
35.84586266,1,,
45.22817428,1,,
34.61158016,1,,
32.25906834,1,,
50.22405947,1,,
32.66985476,1,,
78.21445205,1,,
68.03527288,1,,
35.50569892,1,,
34.16093062,1,,
21.96042209,1,,
65.94259399,1,,
32.03347307,1,,
44.65101093,1,,
69.5000559,1,,
27.40487349,1,,
44.48333752,1,,
28.91637512,1,,
30.10183312,1,,
56.109037,1,,
76.57998791,1,,
69.38956278,1,,
125.7510372,1,,
28.0545185,1,,
42.89576577,1,,
61.82286251,1,,
23.97903805,1,,
22.23325026,1,,
57.44177326,1,,
27.9696329,1,,
75.79393764,1,,
42.67746293,1,,
40.64387925,1,,
56.9017601,1,,
44.98263104,1,,
40.17479108,1,,
27.66839805,1,,
55.09648327,1,,
29.65415573,1,,
26.53501049,1,,
63.10320118,1,,
31.70557417,1,,
51.0040606,1,,
42.38287226,1,,
68.78250382,1,,
61.34870173,1,,
39.60975806,1,,
70.09480349,1,,
41.51226233,1,,
22.88754143,1,,
102.218922,1,,
48.28883191,1,,
70.75288305,1,,
23.97903805,1,,
60.92098446,1,,
32.73214253,1,,
26.19969465,1,,
44.55055838,1,,
30.71411887,1,,
61.21568158,1,,
42.53067772,1,,
41.49292732,1,,
39.82090148,1,,
85.81414992,1,,
24.9258108,1,,
39.00625088,1,,
47.34203262,1,,
23.26281373,1,,
45.37422968,1,,
29.65415573,1,,
47.76909113,1,,
64.10748972,1,,
42.73224792,1,,
26.44007225,1,,
61.01058745,1,,
27.88422891,1,,
46.12211603,1,,
24.65485661,1,,
55.20597577,1,,
35.10492317,1,,
46.6024279,1,,
36.17969005,1,,
102.4066318,1,,
34.13236796,1,,
33.52117074,1,,
29.30930869,1,,
62.27268787,1,,
30.64334876,1,,
26.29637337,1,,
49.51432019,1,,
74.80124876,1,,
30.67877463,1,,
25.80565442,1,,
83.84262367,1,,
75.3331551,1,,
52.56865477,1,,
61.37523664,1,,
54.80974698,1,,
24.03681909,1,,
65.73515349,1,,
28.95615011,1,,
37.90276524,1,,
38.78612063,1,,
61.53396641,1,,
48.92317102,1,,
37.78649835,1,,
33.5507831,1,,
34.44396697,1,,
36.87850444,1,,
33.5507831,1,,
34.50001909,1,,
56.00305066,1,,
40.38008229,1,,
37.5281612,1,,
36.17969005,1,,
49.56859737,1,,
47.50492485,1,,
37.36189502,1,,
41.29857821,1,,
49.69028836,1,,
31.67240932,1,,
30.10183312,1,,
25.13840794,1,,
24.70952388,1,,
55.00857489,1,,
31.70557417,1,,
37.66951154,1,,
37.59896922,1,,
48.57280687,1,,
45.47107998,1,,
62.47812503,1,,
32.51308721,1,,
41.10238248,1,,
31.40455371,1,,
54.1817568,1,,
30.8196665,1,,
38.13318284,1,,
28.99581611,1,,
61.59547406,1,,
89.46043303,1,,
52.26562375,1,,
30.39304185,1,,
43.23693521,1,,
31.47194566,1,,
40.05060237,1,,
38.85242182,1,,
102.9688137,1,,
28.01214001,1,,
42.21534928,1,,
57.00443402,1,,
39.00625088,1,,
36.68155273,1,,
36.68155273,1,,
46.35576802,1,,
47.3865689,1,,
36.25585805,1,,
40.1954147,1,,
24.54478882,1,,
34.55588966,1,,
27.66839805,1,,
39.37486987,1,,
34.94202095,1,,
135.7965872,1,,
46.46400403,1,,
39.43920801,1,,
50.60406289,1,,
36.58227876,1,,
42.69574022,1,,
29.72970804,1,,
39.0936112,1,,
63.91241056,1,,
35.3731148,1,,
75.58465741,1,,
69.8840419,1,,
53.05819347,1,,
29.87967127,1,,
30.85468888,1,,
22.7596754,1,,
41.55087842,1,,
42.62253692,1,,
44.83400893,1,,
29.38664232,1,,
44.94968878,1,,
18.46370749,1,,
47.90008563,1,,
43.27253583,1,,
62.93548424,1,,
30.39304185,1,,
59.70333563,1,,
63.66687449,1,,
27.315896,1,,
40.74443354,1,,
47.71064005,1,,
44.29742474,1,,
69.02101721,1,,
38.9624236,1,,
51.81058228,1,,
79.01200887,1,,
50.48674238,1,,
47.90008563,1,,
29.34802645,1,,
53.09366019,1,,
69.70628873,1,,
31.4382858,1,,
90.31366626,1,,
50.15795771,1,,
106.2699565,1,,
30.99398959,1,,
36.9761963,1,,
78.5775145,1,,
29.1141677,1,,
59.71267742,1,,
35.13192697,1,,
47.37173278,1,,
41.06291786,1,,
49.81138621,1,,
44.00699749,1,,
45.48718164,1,,
37.40955055,1,,
33.22212563,1,,
97.36040593,1,,
48.37437475,1,,
73.91583679,1,,
82.12583571,1,,
29.84232165,1,,
55.87533516,1,,
32.38657586,1,,
35.6110577,1,,
59.94527823,1,,
34.04639185,1,,
65.40984164,1,,
28.0545185,1,,
59.44999453,1,,
83.29901178,1,,
59.55346783,1,,
32.35479314,1,,
36.05202601,1,,
70.07446257,1,,
58.64767967,1,,
18.06436634,1,,
55.27146335,1,,
37.66951154,1,,
45.11392002,1,,
52.58070351,1,,
48.14558327,1,,
35.76793663,1,,
64.02635118,1,,
32.73214253,1,,
94.27365552,1,,
28.63483482,1,,
30.13854271,1,,
50.78548746,1,,
116.5278411,1,,
48.76963082,1,,
54.59829611,1,,
29.69197994,1,,
28.83649523,1,,
49.54147365,1,,
31.70557417,1,,
41.23991538,1,,
30.24813838,1,,
24.9258108,1,,
62.1177158,1,,
52.42363706,1,,
56.79871431,1,,
41.4348139,1,,
53.02267927,1,,
26.76943085,1,,
48.55868687,1,,
50.79839684,1,,
33.31240359,1,,
49.91853661,1,,
55.45617376,1,,
65.01829723,1,,
91.96943699,1,,
28.83649523,1,,
76.05968075,1,,
52.11891245,1,,
45.08116943,1,,
47.56388231,1,,
46.16903582,1,,
31.90312179,1,,
49.41904776,1,,
38.5634629,1,,
34.38773182,1,,
39.26717002,1,,
108.6096987,1,,
30.99398959,1,,
48.03036756,1,,
48.2459466,1,,
30.74938195,1,,
49.58214811,1,,
45.82271565,1,,
29.61623477,1,,
36.25585805,1,,
61.09992802,1,,
48.28883191,1,,
30.67877463,1,,
34.99649028,1,,
35.15888932,1,,
61.26895896,1,,
29.1925373,1,,
45.27696415,1,,
37.29018295,1,,
25.39919842,1,,
90.59452453,1,,
28.59416028,1,,
111.7533371,1,,
23.68586639,1,,
72.03993669,1,,
40.84449395,1,,
31.83754478,1,,
42.73224792,1,,
79.01200887,1,,
70.90556849,1,,
68.42160132,1,,
76.9079576,1,,
29.76734062,1,,
44.88365903,1,,
43.85167738,1,,
44.31439044,1,,
34.69478139,1,,
63.51038348,1,,
69.62394218,1,,
31.06317283,1,,
37.99526777,1,,
46.95249191,1,,
42.51225819,1,,
76.84033131,1,,
26.86205938,1,,
66.65480484,1,,
34.41587237,1,,
80.34958217,1,,
63.26171068,1,,
25.55313671,1,,
94.75459482,1,,
37.57539619,1,,
47.54915665,1,,
53.44575045,1,,
35.81992498,1,,
42.10292438,1,,
38.83034657,1,,
60.75000886,1,,
31.06317283,1,,
41.49292732,1,,
27.44914638,1,,
75.86344152,1,,
48.58691867,1,,
27.18133275,1,,
53.07002097,1,,
60.48717546,1,,
26.58222591,1,,
55.16223092,1,,
76.57998791,1,,
27.49327692,1,,
47.59330631,1,,
26.67615682,1,,
47.26761874,1,,
24.9258108,1,,
69.2162095,1,,
56.53945055,1,,
92.02452738,1,,
60.68677461,1,,
36.92741498,1,,
39.0499799,1,,
77.40584812,1,,
25.65474071,1,,
29.61623477,1,,
29.84232165,1,,
71.90492177,1,,
33.98883233,1,,
28.67539413,1,,
40.42089089,1,,
30.99398959,1,,
34.27470642,1,,
102.2794461,1,,
39.37486987,1,,
49.25486367,1,,
39.69448507,1,,
61.1266793,1,,
25.90529114,1,,
30.9244961,1,,
25.1909989,1,,
46.80093343,1,,
37.73979064,1,,
25.29552707,1,,
59.55346783,1,,
47.60800468,1,,
33.19192368,1,,
78.99600158,1,,
32.09825277,1,,
84.35120131,1,,
45.06477627,1,,
43.60785841,1,,
50.05183106,1,,
36.12873268,1,,
40.76448494,1,,
76.46054478,1,,
87.97528481,1,,
27.13618096,1,,
32.35479314,1,,
29.95409168,1,,
33.16166667,1,,
51.11902131,1,,
38.83034657,1,,
48.81160126,1,,
28.99581611,1,,
23.50642111,1,,
58.31660486,1,,
70.21660183,1,,
75.76494003,1,,
49.14479657,1,,
23.44599303,1,,
58.78292434,1,,
29.99116362,1,,
39.79988781,1,,
55.06355051,1,,
62.84285762,1,,
31.67240932,1,,
28.22276551,1,,
53.09366019,1,,
72.75790558,1,,
29.65415573,1,,
27.88422891,1,,
40.2571589,1,,
26.39234638,1,,
27.79829854,1,,
47.88556605,1,,
40.09208413,1,,
45.94925469,1,,
69.69943394,1,,
56.04549331,1,,
34.99649028,1,,
58.74434653,1,,
53.81627008,1,,
46.96759404,1,,
25.90529114,1,,
35.71579671,1,,
44.07567805,1,,
41.78108189,1,,
42.06531567,1,,
49.89179214,1,,
48.6151177,1,,
49.02037883,1,,
92.8624,1,,
52.22902316,1,,
41.7046296,1,,
118.9612073,1,,
102.1423678,1,,
34.38773182,1,,
167.5880687,1,,
32.22703349,1,,
32.4815517,1,,
43.93810188,1,,
84.65900407,1,,
42.25269149,1,,
33.34238777,1,,
53.66636326,1,,
68.32899519,1,,
61.53396641,1,,
57.02492447,1,,
93.92386376,1,,
35.13192697,1,,
33.49150597,1,,
26.44007225,1,,
33.43201827,1,,
34.58375733,1,,
61.29556295,1,,
33.78582252,1,,
45.26071255,1,,
35.10492317,1,,
58.09049303,1,,
49.94525245,1,,
70.10158118,1,,
46.37126126,1,,
27.79829854,1,,
66.72968112,1,,
88.12992163,1,,
44.05852798,1,,
47.60800468,1,,
65.42540615,1,,
70.20984634,1,,
41.20071391,1,,
59.98232724,1,,
33.13135434,1,,
45.80684906,1,,
22.36718873,1,,
47.02790562,1,,
64.13179127,1,,
59.83385552,1,,
67.14591622,1,,
72.15526229,1,,
41.91420412,1,,
30.39304185,1,,
66.93101225,1,,
71.67876353,1,,
33.84407405,1,,
59.37451437,1,,
48.33164118,1,,
54.29496598,1,,
102.7232216,1,,
24.3778123,1,,
30.28449435,1,,
47.16304402,1,,
43.09394306,1,,
55.52107279,1,,
34.77758548,1,,
45.04837118,1,,
38.94047293,1,,
36.68155273,1,,
75.16847909,1,,
36.28117639,1,,
65.5574065,1,,
69.08387792,1,,
54.39645213,1,,
45.09755067,1,,
63.92056266,1,,
55.779164,1,,
43.48491977,1,,
28.87649042,1,,
29.07482418,1,,
95.81468424,1,,
65.1441039,1,,
105.2125775,1,,
114.8254799,1,,
41.53157935,1,,
85.53738671,1,,
58.60892355,1,,
67.16068655,1,,
43.55525539,1,,
47.25270782,1,,
30.64334876,1,,
47.43102161,1,,
59.04201012,1,,
38.13318284,1,,
34.61158016,1,,
74.61029141,1,,
32.29103969,1,,
39.48198376,1,,
32.22703349,1,,
42.0276396,1,,
46.95249191,1,,
36.95182174,1,,
37.29018295,1,,
54.82083085,1,,
72.62554943,1,,
111.4377764,1,,
116.3189918,1,,
39.73671328,1,,
27.40487349,1,,
22.7596754,1,,
33.31240359,1,,
61.54276075,1,,
52.8801445,1,,
91.15909146,1,,
81.98734331,1,,
52.24122905,1,,
35.18581038,1,,
54.07946249,1,,
53.39907291,1,,
38.67511223,1,,
27.44914638,1,,
27.0908784,1,,
49.19989167,1,,
82.00220417,1,,
33.6098515,1,,
26.72287522,1,,
28.59416028,1,,
22.30042061,1,,
90.65535073,1,,
53.01083063,1,,
68.52105147,1,,
33.81497337,1,,
35.13192697,1,,
27.36045708,1,,
50.53895208,1,,
44.09281478,1,,
27.66839805,1,,
51.93435385,1,,
28.59416028,1,,
32.09825277,1,,
40.92419072,1,,
56.09845638,1,,
31.50553368,1,,
34.38773182,1,,
48.33164118,1,,
33.28236534,1,,
62.36701459,1,,
38.06435023,1,,
49.03423422,1,,
42.41992024,1,,
107.4309267,1,,
29.91692776,1,,
63.01106736,1,,
41.66629811,1,,
84.09297215,1,,
28.51246224,1,,
63.7243356,1,,
32.79419413,1,,
46.93738007,1,,
62.94389133,1,,
28.09676935,1,,
34.50001909,1,,
59.16594818,1,,
32.54456166,1,,
35.68966956,1,,
56.76772756,1,,
43.09394306,1,,
98.41010104,1,,
34.77758548,1,,
42.23402864,1,,
36.70628743,1,,
43.66033482,1,,
49.82480523,1,,
29.76734062,1,,
29.46357105,1,,
38.15607191,1,,
28.51246224,1,,
94.31860125,1,,
56.56027923,1,,
37.07337466,1,,
58.51180834,1,,
114.3409891,1,,
37.19413569,1,,
24.09432366,1,,
56.45598197,1,,
47.62269397,1,,
43.97257667,1,,
61.18900808,1,,
59.47825023,1,,
31.70557417,1,,
40.66402991,1,,
44.73437747,1,,
25.95482337,1,,
23.80400234,1,,
30.53657664,1,,
30.8196665,1,,
33.90212575,1,,
115.2181778,1,,
38.20176785,1,,
65.04979454,1,,
58.76364177,1,,
45.82271565,1,,
43.11186899,1,,
45.35804771,1,,
29.65415573,1,,
38.71959199,1,,
49.26858751,1,,
52.963383,1,,
36.75565708,1,,
39.15887611,1,,
39.11539037,1,,
61.17121282,1,,
22.49954204,1,,
49.33709231,1,,
38.38346746,1,,
71.67228087,1,,
59.08974014,1,,
34.69478139,1,,
32.13054479,1,,
27.49327692,1,,
61.48114753,1,,
88.49715167,1,,
36.23050429,1,,
65.37869039,1,,
46.027989,1,,
36.28117639,1,,
35.2126903,1,,
36.05202601,1,,
31.73866978,1,,
51.37265494,1,,
27.79829854,1,,
32.00098474,1,,
58.12008574,1,,
66.29303487,1,,
56.65381901,1,,
40.98376023,1,,
34.69478139,1,,
39.56725828,1,,
42.62253692,1,,
59.74068524,1,,
34.07509877,1,,
42.38287226,1,,
37.00053876,1,,
64.51013493,1,,
60.33203266,1,,
61.21568158,1,,
90.44413628,1,,
69.20925728,1,,
31.90312179,1,,
30.71411887,1,,
36.53243908,1,,
50.27681587,1,,
45.69547386,1,,
76.65941013,1,,
54.07946249,1,,
43.66033482,1,,
30.85468888,1,,
36.38209812,1,,
35.74188568,1,,
27.66839805,1,,
42.08412843,1,,
59.48766284,1,,
34.55588966,1,,
95.03935587,1,,
28.0545185,1,,
37.218194,1,,
47.62269397,1,,
61.68312961,1,,
28.87649042,1,,
45.27696415,1,,
34.13236796,1,,
25.29552707,1,,
69.93855366,1,,
26.48762644,1,,
59.98232724,1,,
47.4901626,1,,
72.53071314,1,,
131.40862,1,,
39.92563868,1,,
51.09351917,1,,
39.15887611,1,,
28.87649042,1,,
43.85167738,1,,
53.49234659,1,,
53.6200692,1,,
28.18089191,1,,
100.5766832,1,,
34.61158016,1,,
78.29602747,1,,
55.26055953,1,,
54.73203405,1,,
122.4158084,1,,
37.07337466,1,,
45.14662312,1,,
52.91585021,1,,
25.5020303,1,,
49.45992375,1,,
51.4104846,1,,
60.00083459,1,,
53.41074995,1,,
55.53187456,1,,
37.45708497,1,,
25.60403951,1,,
134.2936791,1,,
44.71772902,1,,
31.77169652,1,,
49.94525245,1,,
68.90196693,1,,
21.82142835,1,,
37.00053876,1,,
51.78575689,1,,
81.58404689,1,,
40.07135399,1,,
56.72635919,1,,
34.47201582,1,,
58.68638463,1,,
55.65041764,1,,
45.72735073,1,,
50.59105413,1,,
43.62536457,1,,
22.4335606,1,,
58.37530304,1,,
31.1663735,1,,
69.28565492,1,,
37.40955055,1,,
57.17813564,1,,
36.85400044,1,,
22.88754143,1,,
82.15545195,1,,
55.43450696,1,,
102.742155,1,,
38.9624236,1,,
38.24735473,1,,
50.25045152,1,,
38.83034657,1,,
38.69736489,1,,
37.19413569,1,,
35.47926131,1,,
35.29308485,1,,
78.94794073,1,,
25.1909989,1,,
42.30858136,1,,
38.9624236,1,,
45.35804771,1,,
36.90297592,1,,
83.20771722,1,,
92.04025538,1,,
35.29308485,1,,
32.91759772,1,,
45.66355246,1,,
29.1925373,1,,
41.18108518,1,,
64.19650553,1,,
46.77050369,1,,
26.72287522,1,,
91.85511077,1,,
36.43234971,1,,
64.32554408,1,,
56.53945055,1,,
61.7530751,1,,
47.28252026,1,,
37.33802159,1,,
66.19437308,1,,
168.5665525,1,,
50.32946179,1,,
63.67508957,1,,
37.97218437,1,,
26.15108657,1,,
50.93996898,1,,
54.41895325,1,,
35.13192697,1,,
24.48938279,1,,
53.17623211,1,,
55.17317364,1,,
52.03294802,1,,
50.69493749,1,,
83.3805271,1,,
34.55588966,1,,
41.89523841,1,,
40.58330706,1,,
41.53157935,1,,
32.57597535,1,,
41.18108518,1,,
54.7653666,1,,
78.39369413,1,,
41.29857821,1,,
107.8334011,1,,
35.15888932,1,,
27.75513341,1,,
37.12177338,1,,
28.26451523,1,,
55.55346549,1,,
35.74188568,1,,
22.49954204,1,,
23.62635391,1,,
24.97929983,1,,
39.39633927,1,,
30.78456434,1,,
44.14414523,1,,
23.38525184,1,,
44.44965076,1,,
46.90712716,1,,
51.10627342,1,,
41.58942285,1,,
126.7000113,1,,
51.79817256,1,,
110.5783458,1,,
41.66629811,1,,
39.92563868,1,,
36.45742359,1,,
37.14592548,1,,
94.4494489,1,,
39.37486987,1,,
46.18465457,1,,
44.53377218,1,,
44.55055838,1,,
60.51447112,1,,
76.5004006,1,,
43.44966648,1,,
36.00070633,1,,
61.8576972,1,,
29.50188523,1,,
63.67508957,1,,
41.41540649,1,,
88.48013872,1,,
69.46556455,1,,
38.67511223,1,,
63.19506674,1,,
43.6428567,1,,
46.80093343,1,,
30.10183312,1,,
60.02857423,1,,
61.1623113,1,,
30.53657664,1,,
54.20443648,1,,
43.69524914,1,,
56.34080809,1,,
81.40854287,1,,
26.10229712,1,,
66.93101225,1,,
51.02965221,1,,
56.44553103,1,,
54.95348916,1,,
47.05800349,1,,
50.3819978,1,,
63.1533428,1,,
53.7702339,1,,
41.37653701,1,,
193.0955015,1,,
27.9269962,1,,
27.79829854,1,,
47.29741239,1,,
37.55179355,1,,
47.44582069,1,,
52.7008884,1,,
53.41074995,1,,
25.5020303,1,,
32.94830445,1,,
81.83346467,1,,
51.63630221,1,,
46.34026442,1,,
33.87312477,1,,
133.7485553,1,,
47.43102161,1,,
55.30414902,1,,
26.15108657,1,,
59.28936916,1,,
110.5701742,1,,
33.34238777,1,,
85.81867217,1,,
40.58330706,1,,
93.67023932,1,,
31.06317283,1,,
49.19989167,1,,
49.79795996,1,,
55.66116926,1,,
39.31032079,1,,
33.00954679,1,,
38.11026626,1,,
63.11156365,1,,
42.41992024,1,,
63.29498006,1,,
31.23479605,1,,
58.72503861,1,,
85.86386845,1,,
28.1388935,1,,
28.79638878,1,,
61.94461273,1,,
51.74847411,1,,
69.60332508,1,,
68.59898883,1,,
41.60866831,1,,
72.82704323,1,,
135.1706371,1,,
37.02484924,1,,
46.09078306,1,,
26.90813504,1,,
36.68155273,1,,
51.8725419,1,,
48.74161034,1,,
65.30068209,1,,
79.37840045,1,,
55.43450696,1,,
34.61158016,1,,
35.89762572,1,,
32.41829633,1,,
55.48864225,1,,
40.80452867,1,,
32.79419413,1,,
96.5848045,1,,
32.82513207,1,,
70.06767964,1,,
66.91614035,1,,
61.60425084,1,,
32.97895405,1,,
54.80974698,1,,
50.28998769,1,,
43.7822917,1,,
59.97306928,1,,
129.7484041,1,,
31.50553368,1,,
85.31833994,1,,
42.12170356,1,,
74.34009243,1,,
82.12089759,1,,
44.50016177,1,,
53.12907958,1,,
63.51038348,1,,
76.85161063,1,,
28.63483482,1,,
35.45278424,1,,
26.95405345,1,,
35.18581038,1,,
35.23952925,1,,
44.76763724,1,,
37.73979064,1,,
34.30303263,1,,
45.72735073,1,,
60.57806542,1,,
30.64334876,1,,
32.79419413,1,,
31.30292014,1,,
129.9222609,1,,
115.8494203,1,,
63.64221652,1,,
31.87036702,1,,
47.23778748,1,,
52.52040449,1,,
44.96616594,1,,
38.06435023,1,,
53.32890322,1,,
39.39633927,1,,
25.90529114,1,,
45.2932041,1,,
43.74751623,1,,
76.7103805,1,,
38.91849749,1,,
50.87571567,1,,
46.47942521,1,,
45.2932041,1,,
23.62635391,1,,
25.5020303,1,,
24.81813857,1,,
58.14964836,1,,
75.40936768,1,,
47.72526625,1,,
52.47206539,1,,
32.09825277,1,,
41.18108518,1,,
29.34802645,1,,
33.87312477,1,,
27.84133003,1,,
106.346575,1,,
39.02812764,1,,
59.08974014,1,,
104.2837811,1,,
47.4162133,1,,
37.66951154,1,,
48.27454527,1,,
106.3230119,1,,
48.72758801,1,,
42.47537118,1,,
26.99981594,1,,
28.5533697,1,,
43.7822917,1,,
28.38903012,1,,
48.86744982,1,,
65.33970952,1,,
84.75647341,1,,
53.6779243,1,,
65.27724322,1,,
49.58214811,1,,
45.88607241,1,,
88.64573683,1,,
37.26621753,1,,
26.8158251,1,,
33.22212563,1,,
27.0908784,1,,
37.480807,1,,
59.72201628,1,,
68.40737054,1,,
41.20071391,1,,
48.78362899,1,,
56.64344095,1,,
57.56264006,1,,
55.49945664,1,,
70.20984634,1,,
88.94142193,1,,
51.48597734,1,,
40.02982924,1,,
75.67781376,1,,
47.63737421,1,,
39.0936112,1,,
28.47143705,1,,
31.93580943,1,,
80.93848865,1,,
31.63917487,1,,
53.340611,1,,
69.84310221,1,,
47.0880629,1,,
28.38903012,1,,
49.56859737,1,,
22.4335606,1,,
74.59832409,1,,
45.80684906,1,,
36.38209812,1,,
70.86580091,1,,
40.00903452,1,,
51.02965221,1,,
40.33919104,1,,
37.218194,1,,
86.94781852,1,,
69.24400438,1,,
40.38008229,1,,
97.73838607,1,,
38.91849749,1,,
49.33709231,1,,
32.06589563,1,,
33.78582252,1,,
22.95094215,1,,
151.9320328,1,,
27.36045708,1,,
40.13348022,1,,
27.7118336,1,,
89.80036936,1,,
92.41612583,1,,
63.24506286,1,,
244.137935,1,,
26.29637337,1,,
54.70978977,1,,
61.53396641,1,,
28.83649523,1,,
208.3199799,1,,
36.23050429,1,,
33.75662127,1,,
38.54105531,1,,
67.79700668,1,,
43.6428567,1,,
34.8050994,1,,
287.9795503,1,,
49.39175949,1,,
22.16567157,1,,
69.6101988,1,,
41.57015957,1,,
107.3327265,1,,
71.60089409,1,,
27.22633504,1,,
38.78612063,1,,
24.65485661,1,,
37.92593319,1,,
29.91692776,1,,
96.34501466,1,,
65.08126137,1,,
47.35688735,1,,
41.27904246,1,,
35.15888932,1,,
28.67539413,1,,
83.34698128,1,,
80.64255004,1,,
56.91204417,1,,
39.0499799,1,,
83.34218681,1,,
81.11096856,1,,
82.36217035,1,,
30.53657664,1,,
76.53452972,1,,
72.54337231,1,,
38.49616179,1,,
59.77798821,1,,
51.23346726,1,,
30.13854271,1,,
41.51226233,1,,
65.74285984,1,,
45.90188429,1,,
79.1451515,1,,
22.49954204,1,,
35.10492317,1,,
45.03195414,1,,
41.16143771,1,,
51.29682803,1,,
26.44007225,1,,
47.40139573,1,,
36.78029224,1,,
74.52044271,1,,
86.17443397,1,,
27.53726624,1,,
29.30930869,1,,
51.22077629,1,,
36.78029224,1,,
60.85810519,1,,
49.04808179,1,,
39.24555902,1,,
33.16166667,1,,
34.16093062,1,,
49.10339402,1,,
25.65474071,1,,
45.85441592,1,,
63.78169327,1,,
30.71411887,1,,
73.43728459,1,,
49.08957765,1,,
33.81497337,1,,
47.0880629,1,,
33.66871301,1,,
49.63627713,1,,
48.13121146,1,,
49.87840915,1,,
62.42689244,1,,
35.18581038,1,,
83.02935589,1,,
82.62643581,1,,
77.63307358,1,,
63.58460682,1,,
38.08732208,1,,
49.02037883,1,,
25.75554623,1,,
52.22902316,1,,
68.54232469,1,,
93.15499106,1,,
29.27048837,1,,
57.8227911,1,,
38.58584449,1,,
43.20127586,1,,
49.26858751,1,,
31.06317283,1,,
67.14591622,1,,
85.97214582,1,,
69.63768013,1,,
51.10627342,1,,
53.46905867,1,,
34.94202095,1,,
64.42198432,1,,
35.31980181,1,,
37.90276524,1,,
38.71959199,1,,
29.27048837,1,,
35.81992498,1,,
71.99498797,1,,
57.18832056,1,,
33.40219487,1,,
47.01284223,1,,
44.46650052,1,,
37.85634417,1,,
26.86205938,1,,
53.5388617,1,,
57.13735964,1,,
62.81754837,1,,
72.59396486,1,,
39.41778529,1,,
30.67877463,1,,
33.66871301,1,,
45.04837118,1,,
28.91637512,1,,
31.47194566,1,,
75.06223375,1,,
31.50553368,1,,
64.37380032,1,,
34.35954514,1,,
48.15994652,1,,
66.81931142,1,,
65.95790811,1,,
39.75779377,1,,
37.17004622,1,,
31.30292014,1,,
39.35337703,1,,
61.86639975,1,,
31.83754478,1,,
35.97499153,1,,
52.59274674,1,,
23.38525184,1,,
43.43201836,1,,
61.26008584,1,,
47.46061053,1,,
54.62063127,1,,
31.87036702,1,,
35.68966956,1,,
29.46357105,1,,
29.69197994,1,,
111.502103,1,,
60.99268791,1,,
48.58691867,1,,
31.20062229,1,,
39.79988781,1,,
52.41151598,1,,
57.38114866,1,,
34.41587237,1,,
29.80487829,1,,
34.91472249,1,,
39.0936112,1,,
85.72813653,1,,
108.9839074,1,,
44.02418772,1,,
25.85556877,1,,
34.35954514,1,,
54.8761831,1,,
33.16166667,1,,
40.68416062,1,,
26.48762644,1,,
59.2419604,1,,
29.87967127,1,,
50.42132803,1,,
26.44007225,1,,
30.24813838,1,,
36.35692019,1,,
32.63862161,1,,
45.2932041,1,,
62.98589314,1,,
36.90297592,1,,
43.59033817,1,,
34.16093062,1,,
25.7052423,1,,
45.39040011,1,,
192.7348672,1,,
39.52466701,1,,
35.84586266,1,,
43.7822917,1,,
30.46497831,1,,
31.63917487,1,,
37.24222125,1,,
39.13714532,1,,
39.79988781,1,,
56.277787,1,,
56.04549331,1,,
58.47287184,1,,
26.62927419,1,,
36.90297592,1,,
79.07597329,1,,
45.37422968,1,,
44.44965076,1,,
81.41356778,1,,
295.2096685,1,,
29.2315648,1,,
36.02638444,1,,
31.06317283,1,,
38.9624236,1,,
101.8638924,1,,
160.0270351,1,,
90.84541291,1,,
34.83256989,1,,
32.29103969,1,,
28.87649042,1,,
49.0065156,1,,
55.93926581,1,,
41.14177147,1,,
33.66871301,1,,
43.04007557,1,,
80.33926374,1,,
52.21681155,1,,
47.3865689,1,,
58.76364177,1,,
27.79829854,1,,
39.56725828,1,,
104.0628207,1,,
74.68201488,1,,
31.57249569,1,,
38.06435023,1,,
51.23346726,1,,
48.36013862,1,,
28.34764663,1,,
27.13618096,1,,
46.027989,1,,
33.98883233,1,,
62.36701459,1,,
41.35707486,1,,
47.47539116,1,,
32.16277204,1,,
48.58691867,1,,
53.88517703,1,,
36.05202601,1,,
34.01763644,1,,
39.37486987,1,,
93.25849669,1,,
48.78362899,1,,
106.9497651,1,,
30.02814413,1,,
42.21534928,1,,
48.81160126,1,,
32.91759772,1,,
44.70106816,1,,
34.55588966,1,,
50.95280021,1,,
29.80487829,1,,
62.59734213,1,,
41.37653701,1,,
71.87914708,1,,
49.9318981,1,,
43.11186899,1,,
109.1211281,1,,
29.46357105,1,,
86.63390878,1,,
44.46650052,1,,
48.6151177,1,,
39.0936112,1,,
42.93193422,1,,
59.60038251,1,,
48.83954151,1,,
41.51226233,1,,
49.66329743,1,,
33.25227277,1,,
38.8082462,1,,
80.457766,1,,
46.80093343,1,,
32.91759772,1,,
41.55087842,1,,
41.49292732,1,,
40.09208413,1,,
27.84133003,1,,
60.23121941,1,,
35.89762572,1,,
42.10292438,1,,
35.79394968,1,,
37.90276524,1,,
26.62927419,1,,
53.75871253,1,,
51.73603458,1,,
42.0276396,1,,
47.46061053,1,,
33.639308,1,,
50.0119173,1,,
30.17516309,1,,
48.71355761,1,,
77.95226043,1,,
59.29884182,1,,
48.04479976,1,,
45.85441592,1,,
70.24361082,1,,
27.13618096,1,,
36.80489445,1,,
34.8050994,1,,
36.80489445,1,,
31.33687127,1,,
43.76491087,1,,
66.50454553,1,,
24.3778123,1,,
31.06317283,1,,
49.32340657,1,,
38.42862452,1,,
36.9761963,1,,
52.62884335,1,,
29.15340517,1,,
30.46497831,1,,
38.874472,1,,
33.639308,1,,
53.44575045,1,,
60.39601153,1,,
31.70557417,1,,
40.17479108,1,,
32.03347307,1,,
26.99981594,1,,
23.20110836,1,,
44.85057118,1,,
37.50449905,1,,
65.25378751,1,,
66.83422645,1,,
49.9852727,1,,
95.51628489,1,,
58.20868357,1,,
26.76943085,1,,
30.88963193,1,,
53.80476842,1,,
31.1663735,1,,
63.91241056,1,,
35.71579671,1,,
74.69992424,1,,
50.02522897,1,,
51.63630221,1,,
59.6284959,1,,
22.56513875,1,,
34.47201582,1,,
37.69296703,1,,
32.8560118,1,,
35.05079059,1,,
54.55357088,1,,
46.21586043,1,,
54.94245875,1,,
41.12208641,1,,
21.96042209,1,,
43.55525539,1,,
35.6635041,1,,
38.27010747,1,,
37.26621753,1,,
53.41074995,1,,
55.49945664,1,,
56.8811808,1,,
56.15131964,1,,
31.40455371,1,,
52.35082636,1,,
35.76793663,1,,
41.06291786,1,,
31.23479605,1,,
132.9450556,1,,
71.62037732,1,,
43.59033817,1,,
46.21586043,1,,
37.43333285,1,,
43.86898953,1,,
31.63917487,1,,
46.93738007,1,,
51.05521817,1,,
23.7450813,1,,
84.06941801,1,,
30.9244961,1,,
41.89523841,1,,
51.72358905,1,,
62.4695921,1,,
41.4348139,1,,
51.81058228,1,,
36.58227876,1,,
60.55990925,1,,
61.77053674,1,,
63.10320118,1,,
60.72292459,1,,
35.2126903,1,,
43.520116,1,,
66.31576132,1,,
35.23952925,1,,
44.61757699,1,,
36.15422932,1,,
52.38725701,1,,
42.28996781,1,,
50.43442448,1,,
57.47203764,1,,
60.47807143,1,,
46.32475044,1,,
30.57225025,1,,
30.35694557,1,,
42.36432395,1,,
31.4382858,1,,
34.13236796,1,,
56.01366735,1,,
31.23479605,1,,
33.66871301,1,,
41.83823802,1,,
33.19192368,1,,
55.96054358,1,,
63.37800085,1,,
26.62927419,1,,
56.47687225,1,,
44.19535658,1,,
42.28996781,1,,
33.13135434,1,,
35.42626757,1,,
23.97903805,1,,
52.91585021,1,,
24.2652111,1,,
74.68798562,1,,
41.62789597,1,,
61.90118547,1,,
27.79829854,1,,
42.7504784,1,,
36.82946382,1,,
24.9258108,1,,
35.53209722,1,,
52.66489051,1,,
35.29308485,1,,
35.2126903,1,,
31.93580943,1,,
55.07453247,1,,
65.00253713,1,,
72.07841957,1,,
38.65283394,1,,
57.66297604,1,,
25.1909989,1,,
39.63097378,1,,
34.8050994,1,,
83.6288839,1,,
32.35479314,1,,
31.23479605,1,,
43.43201836,1,,
34.66709201,1,,
24.15155505,1,,
33.46178856,1,,
51.78575689,1,,
67.8332153,1,,
27.315896,1,,
25.65474071,1,,
76.00783365,1,,
54.73203405,1,,
33.34238777,1,,
50.23725896,1,,
45.3094324,1,,
25.85556877,1,,
42.47537118,1,,
43.59033817,1,,
39.33186069,1,,
36.30645945,1,,
39.37486987,1,,
88.93300104,1,,
39.24555902,1,,
74.87854741,1,,
37.45708497,1,,
31.50553368,1,,
37.83309088,1,,
24.9258108,1,,
50.07840491,1,,
34.72242664,1,,
30.53657664,1,,
38.42862452,1,,
47.04295937,1,,
34.07509877,1,,
47.23778748,1,,
29.03537389,1,,
50.10495058,1,,
53.96534638,1,,
42.71400187,1,,
51.49853796,1,,
54.44143578,1,,
27.88422891,1,,
78.97464842,1,,
50.03853355,1,,
36.25585805,1,,
58.13979749,1,,
40.40049689,1,,
40.21601717,1,,
44.53377218,1,,
38.33820389,1,,
36.10319999,1,,
48.41703295,1,,
51.78575689,1,,
81.34819552,1,,
45.88607241,1,,
44.10993821,1,,
34.50001909,1,,
51.05521817,1,,
54.34011774,1,,
206.1666737,1,,
69.41030704,1,,
53.05819347,1,,
34.66709201,1,,
29.03537389,1,,
37.40955055,1,,
32.29103969,1,,
34.44396697,1,,
20.94761921,1,,
56.8605866,1,,
35.02366148,1,,
119.1116306,1,,
54.68752739,1,,
63.23673566,1,,
87.02704209,1,,
29.30930869,1,,
31.02861977,1,,
40.29821672,1,,
44.73437747,1,,
58.60892355,1,,
47.51967794,1,,
65.70431001,1,,
54.84298516,1,,
29.65415573,1,,
30.57225025,1,,
47.01284223,1,,
77.51131337,1,,
34.88738127,1,,
37.99526777,1,,
116.5719721,1,,
112.7523912,1,,
48.55868687,1,,
57.87255257,1,,
30.88963193,1,,
40.2571589,1,,
31.33687127,1,,
29.46357105,1,,
33.84407405,1,,
28.91637512,1,,
72.10405201,1,,
55.68266006,1,,
82.39652269,1,,
42.36432395,1,,
35.18581038,1,,
25.5020303,1,,
75.56133241,1,,
42.71400187,1,,
36.23050429,1,,
30.35694557,1,,
53.05819347,1,,
27.13618096,1,,
46.05940743,1,,
55.93926581,1,,
106.4407236,1,,
85.92706341,1,,
30.85468888,1,,
22.23325026,1,,
73.94021134,1,,
43.05804638,1,,
46.09078306,1,,
52.963383,1,,
72.51804955,1,,
65.78136451,1,,
49.74418242,1,,
65.10484154,1,,
64.19650553,1,,
42.40140434,1,,
137.5121915,1,,
49.52790064,1,,
141.0100587,1,,
24.65485661,1,,
33.07056273,1,,
47.26761874,1,,
116.7872441,1,,
41.62789597,1,,
39.28875725,1,,
23.62635391,1,,
126.072443,1,,
32.00098474,1,,
43.88628803,1,,
30.99398959,1,,
32.79419413,1,,
67.32273315,1,,
104.1427201,1,,
30.4290526,1,,
52.50832806,1,,
70.89894365,1,,
64.98676938,1,,
38.45116331,1,,
30.10183312,1,,
48.55868687,1,,
33.34238777,1,,
53.73565496,1,,
41.3180955,1,,
85.43712969,1,,
72.88351292,1,,
35.3464784,1,,
50.47367307,1,,
100.3589198,1,,
54.84298516,1,,
51.64878983,1,,
34.58375733,1,,
89.93644948,1,,
34.2463333,1,,
110.1490649,1,,
57.77294385,1,,
41.39598088,1,,
33.10098645,1,,
46.27814603,1,,
78.27429065,1,,
36.17969005,1,,
50.66900657,1,,
76.76128322,1,,
45.80684906,1,,
33.22212563,1,,
21.96042209,1,,
63.14499139,1,,
66.66979356,1,,
37.14592548,1,,
25.29552707,1,,
37.5281612,1,,
75.73011358,1,,
36.38209812,1,,
46.12211603,1,,
102.5873274,1,,
44.00699749,1,,
27.9696329,1,,
43.05804638,1,,
106.9439415,1,,
51.5361831,1,,
89.81275733,1,,
33.49150597,1,,
42.27133787,1,,
51.11902131,1,,
68.13585316,1,,
61.45470402,1,,
74.48444249,1,,
23.32419347,1,,
59.28936916,1,,
36.75565708,1,,
36.55737591,1,,
37.80980897,1,,
45.63158636,1,,
25.60403951,1,,
86.51393553,1,,
41.60866831,1,,
44.36520974,1,,
46.83132365,1,,
22.23325026,1,,
76.80082761,1,,
45.43884241,1,,
79.52612079,1,,
68.59898883,1,,
66.48948221,1,,
94.112247,1,,
47.72526625,1,,
46.07510059,1,,
67.28597288,1,,
49.99859855,1,,
34.61158016,1,,
58.12994329,1,,
50.57803868,1,,
73.60978891,1,,
48.0592233,1,,
56.69529327,1,,
28.75617031,1,,
52.1434217,1,,
68.34325863,1,,
55.86466582,1,,
43.39667903,1,,
73.59134496,1,,
24.54478882,1,,
39.15887611,1,,
66.57975996,1,,
34.2179131,1,,
88.05696637,1,,
41.6471059,1,,
38.22457488,1,,
36.33170734,1,,
58.11022485,1,,
50.11821288,1,,
95.50168107,1,,
46.20026277,1,,
24.3778123,1,,
44.09281478,1,,
66.36116753,1,,
47.37173278,1,,
36.35692019,1,,
44.12704835,1,,
31.1663735,1,,
28.01214001,1,,
64.45406699,1,,
87.30756434,1,,
32.29103969,1,,
29.2315648,1,,
50.77257151,1,,
94.23241759,1,,
113.6670681,1,,
46.30922606,1,,
34.13236796,1,,
52.65288027,1,,
50.66900657,1,,
23.07670324,1,,
119.3669493,1,,
50.06512151,1,,
64.09127844,1,,
58.09049303,1,,
63.34481864,1,,
29.99116362,1,,
36.15422932,1,,
26.72287522,1,,
86.54062501,1,,
53.66636326,1,,
204.4880327,1,,
47.25270782,1,,
90.00639094,1,,
34.8050994,1,,
38.78612063,1,,
76.7951809,1,,
48.18864733,1,,
83.49533692,1,,
27.53726624,1,,
38.63052993,1,,
101.2633686,1,,
92.42782259,1,,
85.84579565,1,,
62.51223348,1,,
46.75527395,1,,
33.639308,1,,
33.98883233,1,,
57.31025765,1,,
30.02814413,1,,
44.73437747,1,,
31.67240932,1,,
143.5145453,1,,
68.37176766,1,,
55.56425467,1,,
38.71959199,1,,
82.7384817,1,,
39.56725828,1,,
43.05804638,1,,
55.22782222,1,,
33.84407405,1,,
37.69296703,1,,
65.68887741,1,,
47.71064005,1,,
65.02617442,1,,
55.47782364,1,,
40.05060237,1,,
56.95314334,1,,
51.15722687,1,,
47.59330631,1,,
66.08016586,1,,
80.90797461,1,,
56.75739112,1,,
27.40487349,1,,
46.5102369,1,,
43.30807797,1,,
41.7046296,1,,
44.51697332,1,,
80.22041086,1,,
77.18846179,1,,
74.92010373,1,,
50.51286072,1,,
35.45278424,1,,
50.32946179,1,,
31.40455371,1,,
93.98799881,1,,
28.5533697,1,,
88.68809836,1,,
35.92345135,1,,
38.74179359,1,,
35.81992498,1,,
41.16143771,1,,
69.5000559,1,,
40.54282493,1,,
87.63402401,1,,
50.92713129,1,,
34.61158016,1,,
29.87967127,1,,
36.205115,1,,
44.73437747,1,,
65.58838826,1,,
70.54604112,1,,
43.21911289,1,,
62.73303657,1,,
46.69425558,1,,
31.09764919,1,,
30.46497831,1,,
77.86996279,1,,
46.95249191,1,,
87.84600426,1,,
28.59416028,1,,
43.76491087,1,,
40.76448494,1,,
39.69448507,1,,
32.97895405,1,,
43.55525539,1,,
34.83256989,1,,
34.8050994,1,,
29.03537389,1,,
44.50016177,1,,
57.51234062,1,,
45.42270646,1,,
46.55637804,1,,
27.18133275,1,,
31.4382858,1,,
41.55087842,1,,
72.44832061,1,,
90.35855784,1,,
26.8158251,1,,
39.98821816,1,,
74.84289095,1,,
46.5102369,1,,
32.03347307,1,,
37.73979064,1,,
50.13146816,1,,
47.23778748,1,,
47.47539116,1,,
33.87312477,1,,
76.13444646,1,,
55.71486519,1,,
113.7469194,1,,
30.46497831,1,,
62.18668764,1,,
32.79419413,1,,
43.7822917,1,,
30.46497831,1,,
52.22902316,1,,
31.83754478,1,,
73.7018703,1,,
40.11279285,1,,
53.39907291,1,,
43.50252501,1,,
29.15340517,1,,
44.70106816,1,,
62.97749726,1,,
64.24495574,1,,
113.7211732,1,,
96.42030104,1,,
29.34802645,1,,
46.61775765,1,,
28.75617031,1,,
33.5507831,1,,
48.23163454,1,,
35.84586266,1,,
38.71959199,1,,
39.73671328,1,,
25.60403951,1,,
40.13348022,1,,
29.46357105,1,,
45.04837118,1,,
27.0908784,1,,
32.35479314,1,,
52.11891245,1,,
23.0139945,1,,
34.47201582,1,,
46.01226369,1,,
146.5651502,1,,
51.27150251,1,,
102.1742793,1,,
70.76618622,1,,
54.78756578,1,,
32.41829633,1,,
62.81754837,1,,
54.41895325,1,,
56.93260117,1,,
37.04912784,1,,
41.91420412,1,,
43.98979381,1,,
26.15108657,1,,
42.21534928,1,,
31.30292014,1,,
107.1299819,1,,
37.80980897,1,,
76.81776274,1,,
29.72970804,1,,
55.27146335,1,,
27.49327692,1,,
42.5490813,1,,
24.32164203,1,,
27.27118905,1,,
110.0776501,1,,
52.4478624,1,,
60.2495742,1,,
41.51226233,1,,
35.6110577,1,,
46.54100783,1,,
55.4236672,1,,
41.76199505,1,,
43.93810188,1,,
53.73565496,1,,
55.21690116,1,,
77.07650505,1,,
64.93942017,1,,
41.93315268,1,,
28.5533697,1,,
37.71639337,1,,
31.60587045,1,,
40.62370859,1,,
29.34802645,1,,
37.24222125,1,,
65.04192307,1,,
163.7924056,1,,
43.16555755,1,,
103.1475467,1,,
47.59330631,1,,
63.62576725,1,,
36.48246304,1,,
86.3311151,1,,
28.22276551,1,,
35.07787776,1,,
34.61158016,1,,
33.37231811,1,,
62.16945903,1,,
36.43234971,1,,
93.40760043,1,,
56.64344095,1,,
43.73010775,1,,
55.69339925,1,,
36.70628743,1,,
35.42626757,1,,
62.77532091,1,,
88.39497562,1,,
243.5155687,1,,
27.84133003,1,,
53.43408871,1,,
238.7023399,1,,
114.8456836,1,,
53.43408871,1,,
32.94830445,1,,
53.66636326,1,,
65.78136451,1,,
46.95249191,1,,
41.6471059,1,,
40.29821672,1,,
70.95852263,1,,
72.96492608,1,,
69.5758166,1,,
53.17623211,1,,
33.5507831,1,,
45.72735073,1,,
40.64387925,1,,
46.027989,1,,
44.48333752,1,,
64.33359182,1,,
38.54105531,1,,
47.4162133,1,,
56.37226584,1,,
73.73251303,1,,
24.9258108,1,,
74.31597953,1,,
50.57803868,1,,
79.37311454,1,,
26.8158251,1,,
44.17829932,1,,
65.00253713,1,,
67.54975594,1,,
37.218194,1,,
49.19989167,1,,
75.2626679,1,,
32.82513207,1,,
39.0936112,1,,
27.315896,1,,
75.97899911,1,,
34.38773182,1,,
30.2116948,1,,
46.027989,1,,
52.68889457,1,,
28.95615011,1,,
40.15414627,1,,
80.44232898,1,,
32.94830445,1,,
46.44857261,1,,
28.18089191,1,,
30.95928184,1,,
40.74443354,1,,
48.15994652,1,,
38.36084903,1,,
49.9318981,1,,
39.82090148,1,,
55.47782364,1,,
35.97499153,1,,
48.47379389,1,,
33.13135434,1,,
37.99526777,1,,
151.1139147,1,,
38.67511223,1,,
87.6990248,1,,
27.6248257,1,,
40.96392297,1,,
43.43201836,1,,
74.52643937,1,,
23.26281373,1,,
26.99981594,1,,
32.32294785,1,,
36.80489445,1,,
38.40605926,1,,
24.48938279,1,,
79.4312208,1,,
32.94830445,1,,
26.39234638,1,,
36.50746816,1,,
26.72287522,1,,
49.79795996,1,,
41.9709985,1,,
94.63202877,1,,
34.88738127,1,,
24.9258108,1,,
36.35692019,1,,
113.623231,1,,
89.08853007,1,,
35.13192697,1,,
36.15422932,1,,
41.51226233,1,,
38.54105531,1,,
81.91792131,1,,
66.43670678,1,,
79.7885505,1,,
43.67779896,1,,
63.027839,1,,
42.56746898,1,,
105.5753617,1,,
32.00098474,1,,
32.4815517,1,,
49.11720263,1,,
44.28044604,1,,
69.77476253,1,,
38.33820389,1,,
40.5022618,1,,
41.41540649,1,,
40.88438118,1,,
34.88738127,1,,
35.47926131,1,,
46.26259035,1,,
39.18058281,1,,
35.45278424,1,,
49.4326806,1,,
32.22703349,1,,
46.80093343,1,,
49.74418242,1,,
35.3464784,1,,
33.34238777,1,,
82.80653524,1,,
29.42515697,1,,
68.62021376,1,,
54.53118074,1,,
53.23505542,1,,
35.05079059,1,,
49.75763771,1,,
33.25227277,1,,
46.44857261,1,,
39.46060747,1,,
51.67374697,1,,
56.44553103,1,,
49.81138621,1,,
92.29508551,1,,
59.46883465,1,,
51.0040606,1,,
48.67141783,1,,
65.84287839,1,,
81.47381836,1,,
47.59330631,1,,
70.49916666,1,,
45.16295692,1,,
54.11360357,1,,
58.48261082,1,,
69.24400438,1,,
55.70413429,1,,
42.7504784,1,,
39.73671328,1,,
41.27904246,1,,
53.8966444,1,,
35.3464784,1,,
22.16567157,1,,
24.9258108,1,,
32.57597535,1,,
62.91866331,1,,
40.64387925,1,,
46.09078306,1,,
43.0760022,1,,
91.08288151,1,,
55.00857489,1,,
47.05800349,1,,
27.9269962,1,,
30.10183312,1,,
47.78368156,1,,
30.71411887,1,,
71.93067799,1,,
71.25492758,1,,
49.58214811,1,,
53.72411875,1,,
77.28337031,1,,
63.6997221,1,,
39.86286242,1,,
109.536285,1,,
75.96168788,1,,
23.20110836,1,,
77.75445304,1,,
34.55588966,1,,
30.9244961,1,,
109.2356807,1,,
28.87649042,1,,
66.28545593,1,,
32.19493483,1,,
37.33802159,1,,
23.5665401,1,,
62.38413428,1,,
35.18581038,1,,
39.11539037,1,,
199.0767801,1,,
41.04315706,1,,
44.98263104,1,,
34.94202095,1,,
54.31755124,1,,
48.86744982,1,,
38.13318284,1,,
60.60527929,1,,
32.41829633,1,,
23.32419347,1,,
47.85650045,1,,
109.713645,1,,
57.90236842,1,,
48.86744982,1,,
55.39112247,1,,
89.05494819,1,,
38.01832316,1,,
25.85556877,1,,
23.9209772,1,,
33.31240359,1,,
48.97876558,1,,
81.72390839,1,,
64.38986967,1,,
42.41992024,1,,
40.94406649,1,,
99.26917478,1,,
48.54455865,1,,
179.5139691,1,,
43.50252501,1,,
36.23050429,1,,
27.53726624,1,,
59.70333563,1,,
32.25906834,1,,
110.9637622,1,,
42.34575939,1,,
26.00416726,1,,
53.30547224,1,,
33.72736942,1,,
40.64387925,1,,
39.35337703,1,,
53.4574071,1,,
54.20443648,1,,
29.91692776,1,,
36.02638444,1,,
31.9684303,1,,
43.62536457,1,,
50.22405947,1,,
46.77050369,1,,
31.33687127,1,,
53.2115417,1,,
38.67511223,1,,
28.01214001,1,,
48.43123566,1,,
34.16093062,1,,
58.90795385,1,,
34.77758548,1,,
43.29031419,1,,
35.15888932,1,,
34.33131214,1,,
31.67240932,1,,
150.3074815,1,,
28.4302933,1,,
38.76396978,1,,
67.70994783,1,,
25.90529114,1,,
58.39484289,1,,
48.76963082,1,,
36.10319999,1,,
37.218194,1,,
51.5361831,1,,
44.56733193,1,,
53.30547224,1,,
35.13192697,1,,
35.94923991,1,,
36.40724126,1,,
43.02208975,1,,
52.24122905,1,,
28.47143705,1,,
138.0088197,1,,
45.74327251,1,,
56.00305066,1,,
41.14177147,1,,
55.86466582,1,,
87.97098158,1,,
50.25045152,1,,
83.24618145,1,,
49.11720263,1,,
53.58529612,1,,
55.87533516,1,,
45.67951873,1,,
66.97558836,1,,
40.80452867,1,,
37.24222125,1,,
32.91759772,1,,
55.73631462,1,,
57.78292018,1,,
41.41540649,1,,
39.69448507,1,,
34.10375741,1,,
55.86466582,1,,
30.95928184,1,,
81.51894788,1,,
68.00648097,1,,
49.56859737,1,,
52.21681155,1,,
77.99608154,1,,
31.63917487,1,,
71.13666192,1,,
49.62275595,1,,
23.97903805,1,,
27.44914638,1,,
34.35954514,1,,
84.15415123,1,,
82.43084641,1,,
46.10645487,1,,
44.21240068,1,,
60.49627675,1,,
50.40822477,1,,
42.85953622,1,,
35.79394968,1,,
27.22633504,1,,
42.43841999,1,,
27.53726624,1,,
28.26451523,1,,
50.3819978,1,,
37.3141176,1,,
28.83649523,1,,
37.480807,1,,
36.95182174,1,,
91.91428053,1,,
44.63430023,1,,
30.57225025,1,,
38.38346746,1,,
48.13121146,1,,
25.29552707,1,,
47.69600489,1,,
34.8050994,1,,
35.6110577,1,,
27.88422891,1,,
92.15020118,1,,
49.52790064,1,,
58.50207907,1,,
72.4673509,1,,
35.05079059,1,,
105.0951124,1,,
54.68752739,1,,
44.56733193,1,,
36.631983,1,,
60.96581888,1,,
32.38657586,1,,
32.03347307,1,,
25.29552707,1,,
27.13618096,1,,
46.74003429,1,,
68.32186124,1,,
40.09208413,1,,
27.84133003,1,,
40.52255352,1,,
32.70102831,1,,
46.34026442,1,,
22.23325026,1,,
24.20851648,1,,
37.66951154,1,,
45.85441592,1,,
23.13907301,1,,
31.70557417,1,,
143.3202454,1,,
70.84590038,1,,
56.65381901,1,,
34.27470642,1,,
42.85953622,1,,
25.75554623,1,,
28.63483482,1,,
39.60975806,1,,
34.10375741,1,,
58.19885268,1,,
83.12104246,1,,
28.22276551,1,,
21.09832669,1,,
28.34764663,1,,
93.47625727,1,,
70.49916666,1,,
25.55313671,1,,
32.09825277,1,,
31.57249569,1,,
67.23444094,1,,
54.07946249,1,,
56.74705091,1,,
75.96168788,1,,
23.0139945,1,,
21.46596711,1,,
38.83034657,1,,
44.65101093,1,,
67.76801192,1,,
32.44995484,1,,
